model,frame,mean,std,count
GPT-4.1,autonomy,34.33,5.39,135
GPT-4.1,collective,23.24,6.76,135
GPT-4.1,equity,36.63,7.98,135
GPT-4.1,neutral,31.26,6.16,135
Llama 3.1 70B Instruct,autonomy,40.48,4.96,135
Llama 3.1 70B Instruct,collective,21.96,4.15,135
Llama 3.1 70B Instruct,equity,38.04,9.52,135
Llama 3.1 70B Instruct,neutral,38.15,6.63,135
Qwen3.6-72B Instruct,autonomy,36.15,7.45,135
Qwen3.6-72B Instruct,collective,23.33,8.15,135
Qwen3.6-72B Instruct,equity,47.19,8.72,135
Qwen3.6-72B Instruct,neutral,34.3,6.11,135
